{
    "coverImageFilename": "dual swifts picture 2.png",
    "icon": "dual swifts picture 2.png",
    "components": [
        {
            "type": "FileCopyMod",
            "sourceFileName": "Milk Carton (Laser).qsaber",
            "targetRootedPathAndFileName": "/sdcard/Android/data/com.beatgames.beatsaber/files/sabers/testSaber.qsaber"
        }
    ],
    "version": "1.0.0",
    "links": {
        "pageLink": "https://sketchfab.com/3d-models/diamond-pickaxe-3bfab5b292aa45abbeee01ca060bd735"
    },
    "description": [
        "Hit bloq, drink milk."
    ],
    "gameVersion": "1.9.1",
    "platform": "Quest",
    "id": "MilkCarton(Laser)juju3409V1.0.0",
    "name": "Milk Carton (Laser)",
    "author": "juju3409",
    "category": "Saber"
}