{
    "coverImageFilename": "cover.png",
    "icon": "cover.png",
    "components": [
        {
            "type": "FileCopyMod",
            "sourceFileName": "Noise Saber.qsaber",
            "targetRootedPathAndFileName": "/sdcard/Android/data/com.beatgames.beatsaber/files/sabers/testSaber.qsaber"
        }
    ],
    "version": "1.0",
    "links": {
        "pageLink": ""
    },
    "description": [
        "Made by me, Shader by TheLeadZombie at vrcmods.com"
    ],
    "gameVersion": "1.10.0",
    "platform": "Quest",
    "id": "NoiseSaberJuju3409V1.0",
    "name": "Noise Saber",
    "author": "Juju3409",
    "category": "Saber"
}