{
    "coverImageFilename": "cover 1.png",
    "icon": "cover 1.png",
    "components": [
        {
            "type": "FileCopyMod",
            "sourceFileName": "Point-e.qsaber",
            "targetRootedPathAndFileName": "/sdcard/Android/data/com.beatgames.beatsaber/files/sabers/testSaber.qsaber"
        }
    ],
    "version": "1.0.0",
    "links": {
        "pageLink": ""
    },
    "description": [
        "Don't stab yourself. This saber is very sharp!"
    ],
    "gameVersion": "1.8.0",
    "platform": "Quest",
    "id": "Point-ejuju3409V1.0.0",
    "name": "Point-e",
    "author": "juju3409",
    "category": "Saber"
}