{
    "coverImageFilename": "Default recreation.png",
    "icon": "Default recreation.png",
    "components": [
        {
            "type": "FileCopyMod",
            "sourceFileName": "Default Recreation Thinner.qsaber",
            "targetRootedPathAndFileName": "/sdcard/Android/data/com.beatgames.beatsaber/files/sabers/testSaber.qsaber"
        }
    ],
    "version": "4",
    "links": {
        "pageLink": ""
    },
    "description": [
        "Made by me ^-^"
    ],
    "gameVersion": "1.9.1",
    "platform": "Quest",
    "id": "DefaultRecreationThinnerjuju3409V4",
    "name": "Default Recreation Thinner",
    "author": "juju3409",
    "category": "Saber"
}