{
    "coverImageFilename": "cover.png",
    "icon": "cover.png",
    "components": [
        {
            "type": "FileCopyMod",
            "sourceFileName": "Thin-Pin V2.qsaber",
            "targetRootedPathAndFileName": "/sdcard/Android/data/com.beatgames.beatsaber/files/sabers/testSaber.qsaber"
        }
    ],
    "version": "1",
    "links": {
        "pageLink": ""
    },
    "description": [
        "Made by me ^-^"
    ],
    "gameVersion": "1.10.0",
    "platform": "Quest",
    "id": "Thin-PinV2Juju3409V1",
    "name": "Thin-Pin V2",
    "author": "Juju3409",
    "category": "Saber"
}