{
    "coverImageFilename": "diamond hoe 2.png",
    "icon": "diamond hoe 2.png",
    "components": [
        {
            "type": "FileCopyMod",
            "sourceFileName": "Diamond Hoe.qsaber",
            "targetRootedPathAndFileName": "/sdcard/Android/data/com.beatgames.beatsaber/files/sabers/testSaber.qsaber"
        }
    ],
    "version": "1.0.0",
    "links": {
        "pageLink": "https://sketchfab.com/3d-models/diamond-hoe-for-beat-saber-b771dd3b19e846c58fb75b98063de623"
    },
    "description": [
        "minecraft"
    ],
    "gameVersion": "1.9.1",
    "platform": "Quest",
    "id": "DiamondHoejuju3409V1.0.0",
    "name": "Diamond Hoe",
    "author": "juju3409",
    "category": "Saber"
}