{
    "coverImageFilename": "dual swifts picture.png",
    "icon": "dual swifts picture.png",
    "components": [
        {
            "type": "FileCopyMod",
            "sourceFileName": "Dual Swifts Mk. I.qsaber",
            "targetRootedPathAndFileName": "/sdcard/Android/data/com.beatgames.beatsaber/files/sabers/testSaber.qsaber"
        }
    ],
    "version": "1.0.0",
    "links": {
        "pageLink": "https://sketchfab.com/3d-models/beat-saber-custom-saber-dual-swifts-mk-i-e961322d18b64aae9c17300c2fe7e64c"
    },
    "description": [
        "Model Made by Mini Rolls™#1033"
    ],
    "gameVersion": "1.9.1",
    "platform": "Quest",
    "id": "DualSwiftsMk.Ijuju3409V1.0.0",
    "name": "Dual Swifts Mk. I",
    "author": "juju3409",
    "category": "Saber"
}