{
    "coverImageFilename": "dual swifts picture 2.png",
    "icon": "dual swifts picture 2.png",
    "components": [
        {
            "type": "FileCopyMod",
            "sourceFileName": "Dual Swifts Mk. 1 (Custom Animation).qsaber",
            "targetRootedPathAndFileName": "/sdcard/Android/data/com.beatgames.beatsaber/files/sabers/testSaber.qsaber"
        }
    ],
    "version": "1.0.0",
    "links": {
        "pageLink": "https://sketchfab.com/3d-models/beat-saber-custom-saber-dual-swifts-mk-i-e961322d18b64aae9c17300c2fe7e64c"
    },
    "description": [
        "Model Made by Mini Rolls™#1033. Animation by me."
    ],
    "gameVersion": "1.9.1",
    "platform": "Quest",
    "id": "DualSwiftsMk.1(CustomAnimation)juju3409V1.0.0",
    "name": "Dual Swifts Mk. 1 (Custom Animation)",
    "author": "juju3409",
    "category": "Saber"
}