{
    "coverImageFilename": "cover.png",
    "icon": "cover.png",
    "components": [
        {
            "type": "FileCopyMod",
            "sourceFileName": "Gem.qsaber",
            "targetRootedPathAndFileName": "/sdcard/Android/data/com.beatgames.beatsaber/files/sabers/testSaber.qsaber"
        }
    ],
    "version": "1.0.0",
    "links": {
        "pageLink": ""
    },
    "description": [
        "Made by me! ^-^"
    ],
    "gameVersion": "1.10.0",
    "platform": "Quest",
    "id": "GemJuju3409V1.0.0",
    "name": "Gem",
    "author": "Juju3409",
    "category": "Saber"
}