{
    "coverImageFilename": "cool saber 2.png",
    "icon": "cool saber 2.png",
    "components": [
        {
            "type": "FileCopyMod",
            "sourceFileName": "Elucidator + Lambent Light.qsaber",
            "targetRootedPathAndFileName": "/sdcard/Android/data/com.beatgames.beatsaber/files/sabers/testSaber.qsaber"
        }
    ],
    "version": "1.0.0",
    "links": {
        "pageLink": "https://sketchfab.com/3d-models/beatsaber-custom-saber-elucidatorlambent-light-2f7712e097174a4fb414537c3bf9ac84"
    },
    "description": [
        "Model Made by Mini Rolls™#1033"
    ],
    "gameVersion": "1.9.1",
    "platform": "Quest",
    "id": "Elucidator+LambentLightjuju3409V1.0.0",
    "name": "Elucidator + Lambent Light",
    "author": "juju3409",
    "category": "Saber"
}