{
    "coverImageFilename": "Dark default recreation.png",
    "icon": "Dark default recreation.png",
    "components": [
        {
            "type": "FileCopyMod",
            "sourceFileName": "trail test.qsaber",
            "targetRootedPathAndFileName": "/sdcard/Android/data/com.beatgames.beatsaber/files/sabers/testSaber.qsaber"
        }
    ],
    "version": "1.5",
    "links": {
        "pageLink": ""
    },
    "description": [
        "Made by me ^-^"
    ],
    "gameVersion": "1.10.0",
    "platform": "Quest",
    "id": "trailtestjuju3409V1.5",
    "name": "trail test",
    "author": "juju3409",
    "category": "Saber"
}