{
    "coverImageFilename": "dual swifts picture 2.png",
    "icon": "dual swifts picture 2.png",
    "components": [
        {
            "type": "FileCopyMod",
            "sourceFileName": "M I L K.qsaber",
            "targetRootedPathAndFileName": "/sdcard/Android/data/com.beatgames.beatsaber/files/sabers/testSaber.qsaber"
        }
    ],
    "version": "1.0.0",
    "links": {
        "pageLink": "https://sketchfab.com/3d-models/super-awesome-milk-carton-9bbcdc63cb7c44d6bb4236e33f324c21"
    },
    "description": [
        "Hit bloq, drink milk. x2"
    ],
    "gameVersion": "1.9.1",
    "platform": "Quest",
    "id": "MILKjuju3409V1.0.0",
    "name": "M I L K",
    "author": "juju3409",
    "category": "Saber"
}